1,2022-01-01,2022-01-04,true,,a9876543
2,2022-02-01,2022-02-04,true,,a0371802
3,2022-02-03,2022-02-06,true,,a910402
4,2022-02-14,2022-02-17,true,Make it with extra love!,a7391023
5,2022-02-28,2022-03-03,true,Lactose intollerant,a8102001
6,2022-03-01,2022-03-04,false,,a910402
7,2022-03-01,2022-03-04,true,Extra chocolate chips!,a2139052
8,2022-03-02,2022-03-05,false,"chill on the asiago, otherwise no requests",a0371802
9,2022-03-02,2022-03-05,false,,a1234567
10,2022-03-02,2022-03-05,false,,a9210471
11,2022-03-02,2022-03-05,false,I DONT CARE ITS SO GOOD!!!,a910402
